94cHFB,2023-03-01 18:24:09.319482
ev66HT,2023-03-01 18:32:48.412116
kckEYf,2023-03-02 09:24:45.155880
gcpKpr,2023-03-02 09:26:07.452130
aUrvdU,2023-03-02 09:28:07.755906
N8GzUt,2023-03-02 09:29:58.219831
4BmaGk,2023-03-02 10:24:08.094763
c6vgCq,2023-03-02 10:24:27.839023
8a7ofR,2023-03-02 10:24:43.583122
2L3pc6,2023-03-02 10:27:23.305174
zRVfct,2023-03-02 10:35:35.165822
XFPN86,2023-03-02 10:35:52.373998
Rvcrac,2023-03-02 10:39:42.591659
3TA3uE,2023-03-02 10:47:40.609224
X4Toe6,2023-03-02 11:29:10.736939
YMZmJA,2023-03-02 12:41:30.148051
dVy9xy,2023-03-02 16:11:22.349840
cbRf4e,2023-03-02 16:12:39.959380
P9qfRo,2023-03-06 14:52:10.612950
mKXYMm,2023-03-06 14:54:22.732120
CnR6hn,2023-03-06 15:01:33.742493
fJmLvc,2023-03-06 15:03:45.156758
yRg3Vu,2023-03-06 15:20:50.406041
cuco4F,2023-03-06 17:16:05.179355
CEXmLG,2023-03-07 11:02:48.408214
vdNfkr,2023-03-07 11:04:06.629897
PGUNFb,2023-03-07 12:08:17.108608
g26CTH,2023-03-07 16:39:55.040957
cVNTtv,2023-05-22 13:03:02.560833
T2xTkq,2023-05-22 13:09:33.706911
9hxf8y,2023-05-22 18:09:55.127621
ck2zUg,2023-05-22 18:13:26.078303
oT6LFP,2023-05-23 09:33:19.688855
c2fnkb,2023-05-23 09:38:49.617068
9q3CRN,2023-05-23 09:43:38.573081
88Y3Nn,2023-05-23 09:46:16.073801
JEXFLH,2023-05-23 09:47:13.471094
qCZCbH,2023-05-23 09:51:32.782642
EAoFUz,2023-05-23 09:53:39.255328
Tqv7xR,2023-05-23 09:54:00.887705
o4gpzp,2023-05-23 09:55:50.977775
7x79JF,2023-05-23 09:58:59.540936
brXfpd,2023-05-23 10:00:11.450446
ezr8TP,2023-05-23 10:01:22.889377
ohYf3R,2023-05-23 10:07:02.964271
BTuduv,2023-05-23 10:07:30.065723
k9TE29,2023-05-23 10:08:03.050338
MrezK8,2023-05-23 10:09:20.010337
c3R4t9,2023-05-23 10:09:34.062472
Rhq7dd,2023-05-23 10:25:39.962350
HKe4tM,2023-05-23 10:36:11.801121
